Domain Code,Domain,Area Code (M49),Area,Element Code,Element,Item Code (CPC),Item,Year Code,Year,Unit,Value,Flag,Flag Description,Note
"QCL","Crops and livestock products","604","Peru","5312","Area harvested","01654","Anise, badian, coriander, cumin, caraway, fennel and juniper berries, raw","2024","2024","ha","71","A","Official figure",""
"QCL","Crops and livestock products","604","Peru","5312","Area harvested","01341","Apples","2024","2024","ha","6864","A","Official figure",""
"QCL","Crops and livestock products","604","Peru","5312","Area harvested","01343","Apricots","2024","2024","ha","113","E","Estimated value",""
"QCL","Crops and livestock products","604","Peru","5312","Area harvested","01216","Artichokes","2024","2024","ha","7057","A","Official figure",""
"QCL","Crops and livestock products","604","Peru","5312","Area harvested","01211","Asparagus","2024","2024","ha","28500","A","Official figure",""
"QCL","Crops and livestock products","604","Peru","5312","Area harvested","01311","Avocados","2024","2024","ha","63111","A","Official figure",""
"QCL","Crops and livestock products","604","Peru","5312","Area harvested","01312","Bananas","2024","2024","ha","175712","A","Official figure",""
"QCL","Crops and livestock products","604","Peru","5312","Area harvested","0115","Barley","2024","2024","ha","119255","A","Official figure",""
"QCL","Crops and livestock products","604","Peru","5312","Area harvested","01701","Beans, dry","2024","2024","ha","65260","A","Official figure",""
"QCL","Crops and livestock products","604","Peru","5312","Area harvested","01355.01","Blueberries","2024","2024","ha","28157","E","Estimated value",""
"QCL","Crops and livestock products","604","Peru","5312","Area harvested","01702","Broad beans and horse beans, dry","2024","2024","ha","53874","A","Official figure",""
"QCL","Crops and livestock products","604","Peru","5312","Area harvested","01243","Broad beans and horse beans, green","2024","2024","ha","12885","A","Official figure",""
"QCL","Crops and livestock products","604","Peru","5312","Area harvested","01212","Cabbages","2024","2024","ha","2323","A","Official figure",""
"QCL","Crops and livestock products","604","Peru","5312","Area harvested","01229","Cantaloupes and other melons","2024","2024","ha","1534","A","Official figure",""
"QCL","Crops and livestock products","604","Peru","5312","Area harvested","01251","Carrots and turnips","2024","2024","ha","9245","A","Official figure",""
"QCL","Crops and livestock products","604","Peru","5312","Area harvested","01372","Cashew nuts, in shell","2024","2024","ha","468","A","Official figure",""
"QCL","Crops and livestock products","604","Peru","5312","Area harvested","01520.01","Cassava, fresh","2024","2024","ha","112068","A","Official figure",""
"QCL","Crops and livestock products","604","Peru","5312","Area harvested","01447","Castor oil seeds","2024","2024","ha","0","E","Estimated value",""
"QCL","Crops and livestock products","604","Peru","5312","Area harvested","01213","Cauliflowers and broccoli","2024","2024","ha","3884","A","Official figure",""
"QCL","Crops and livestock products","604","Peru","5312","Area harvested","01199.90","Cereals n.e.c.","2024","2024","ha","9651","I","Value imputed by a receiving agency",""
"QCL","Crops and livestock products","604","Peru","5312","Area harvested","01344.02","Cherries","2024","2024","ha","1","A","Official figure",""
"QCL","Crops and livestock products","604","Peru","5312","Area harvested","01373","Chestnuts, in shell","2024","2024","ha","136","E","Estimated value",""
"QCL","Crops and livestock products","604","Peru","5312","Area harvested","01703","Chick peas, dry","2024","2024","ha","427","A","Official figure",""
"QCL","Crops and livestock products","604","Peru","5312","Area harvested","01652","Chillies and peppers, dry (Capsicum spp., Pimenta spp.), raw","2024","2024","ha","6874","A","Official figure",""
"QCL","Crops and livestock products","604","Peru","5312","Area harvested","01231","Chillies and peppers, green (Capsicum spp. and Pimenta spp.)","2024","2024","ha","12028","A","Official figure",""
"QCL","Crops and livestock products","604","Peru","5312","Area harvested","01640","Cocoa beans","2024","2024","ha","189602","A","Official figure",""
"QCL","Crops and livestock products","604","Peru","5312","Area harvested","01460","Coconuts, in shell","2024","2024","ha","2819","A","Official figure",""
"QCL","Crops and livestock products","604","Peru","5312","Area harvested","01610","Coffee, green","2024","2024","ha","421972","A","Official figure",""
"QCL","Crops and livestock products","604","Peru","5312","Area harvested","01706","Cow peas, dry","2024","2024","ha","13038","A","Official figure",""
"QCL","Crops and livestock products","604","Peru","5312","Area harvested","01232","Cucumbers and gherkins","2024","2024","ha","3046","A","Official figure",""
"QCL","Crops and livestock products","604","Peru","5312","Area harvested","01314","Dates","2024","2024","ha","158","A","Official figure",""
"QCL","Crops and livestock products","604","Peru","5312","Area harvested","01599.10","Edible roots and tubers with high starch or inulin content, n.e.c., fresh","2024","2024","ha","39770","E","Estimated value",""
"QCL","Crops and livestock products","604","Peru","5312","Area harvested","01233","Eggplants (aubergines)","2024","2024","ha","33","A","Official figure",""
"QCL","Crops and livestock products","604","Peru","5312","Area harvested","01315","Figs","2024","2024","ha","452","A","Official figure",""
"QCL","Crops and livestock products","604","Peru","5312","Area harvested","01657","Ginger, raw","2024","2024","ha","10969","I","Value imputed by a receiving agency",""
"QCL","Crops and livestock products","604","Peru","5312","Area harvested","01330","Grapes","2024","2024","ha","36811","A","Official figure",""
"QCL","Crops and livestock products","604","Peru","5312","Area harvested","01290.01","Green corn (maize)","2024","2024","ha","45230","A","Official figure",""
"QCL","Crops and livestock products","604","Peru","5312","Area harvested","01252","Green garlic","2024","2024","ha","8634","A","Official figure",""
"QCL","Crops and livestock products","604","Peru","5312","Area harvested","0142","Groundnuts, excluding shelled","2024","2024","ha","3327","A","Official figure",""
"QCL","Crops and livestock products","604","Peru","5312","Area harvested","01922.01","Jute, raw or retted","2024","2024","ha","169","I","Value imputed by a receiving agency",""
"QCL","Crops and livestock products","604","Peru","5312","Area harvested","01254","Leeks and other alliaceous vegetables","2024","2024","ha","1298","A","Official figure",""
"QCL","Crops and livestock products","604","Peru","5312","Area harvested","01322","Lemons and limes","2024","2024","ha","28604","A","Official figure",""
"QCL","Crops and livestock products","604","Peru","5312","Area harvested","01704","Lentils, dry","2024","2024","ha","3969","A","Official figure",""
"QCL","Crops and livestock products","604","Peru","5312","Area harvested","01214","Lettuce and chicory","2024","2024","ha","5526","A","Official figure",""
"QCL","Crops and livestock products","604","Peru","5312","Area harvested","01441","Linseed","2024","2024","ha","818","A","Official figure",""
"QCL","Crops and livestock products","604","Peru","5312","Area harvested","01709.02","Lupins","2024","2024","ha","13455","A","Official figure",""
"QCL","Crops and livestock products","604","Peru","5312","Area harvested","0112","Maize (corn)","2024","2024","ha","461207","A","Official figure",""
"QCL","Crops and livestock products","604","Peru","5312","Area harvested","01316","Mangoes, guavas and mangosteens","2024","2024","ha","39415","A","Official figure",""
"QCL","Crops and livestock products","604","Peru","5312","Area harvested","0117","Oats","2024","2024","ha","14496","A","Official figure",""
"QCL","Crops and livestock products","604","Peru","5312","Area harvested","01491.01","Oil palm fruit","2024","2024","ha","100000","E","Estimated value",""
"QCL","Crops and livestock products","604","Peru","5312","Area harvested","01450","Olives","2024","2024","ha","20521","A","Official figure",""
"QCL","Crops and livestock products","604","Peru","5312","Area harvested","01253.02","Onions and shallots, dry (excluding dehydrated)","2024","2024","ha","15311","A","Official figure",""
"QCL","Crops and livestock products","604","Peru","5312","Area harvested","01323","Oranges","2024","2024","ha","33349","A","Official figure",""
"QCL","Crops and livestock products","604","Peru","5312","Area harvested","01241.90","Other beans, green","2024","2024","ha","4798","A","Official figure",""
"QCL","Crops and livestock products","604","Peru","5312","Area harvested","01329","Other citrus fruit, n.e.c.","2024","2024","ha","3829","I","Value imputed by a receiving agency",""
"QCL","Crops and livestock products","604","Peru","5312","Area harvested","01359.90","Other fruits, n.e.c.","2024","2024","ha","14403","E","Estimated value",""
"QCL","Crops and livestock products","604","Peru","5312","Area harvested","01379.90","Other nuts (excluding wild edible nuts and groundnuts), in shell, n.e.c.","2024","2024","ha","770","I","Value imputed by a receiving agency",""
"QCL","Crops and livestock products","604","Peru","5312","Area harvested","01449.90","Other oil seeds, n.e.c.","2024","2024","ha","1582","I","Value imputed by a receiving agency",""
"QCL","Crops and livestock products","604","Peru","5312","Area harvested","01709.90","Other pulses n.e.c.","2024","2024","ha","1701","I","Value imputed by a receiving agency",""
"QCL","Crops and livestock products","604","Peru","5312","Area harvested","01699","Other stimulant, spice and aromatic crops, n.e.c.","2024","2024","ha","469","I","Value imputed by a receiving agency",""
"QCL","Crops and livestock products","604","Peru","5312","Area harvested","01319","Other tropical fruits, n.e.c.","2024","2024","ha","23732","E","Estimated value",""
"QCL","Crops and livestock products","604","Peru","5312","Area harvested","01290.90","Other vegetables, fresh n.e.c.","2024","2024","ha","4350","I","Value imputed by a receiving agency",""
"QCL","Crops and livestock products","604","Peru","5312","Area harvested","01317","Papayas","2024","2024","ha","12424","A","Official figure",""
"QCL","Crops and livestock products","604","Peru","5312","Area harvested","01345","Peaches and nectarines","2024","2024","ha","4651","A","Official figure",""
"QCL","Crops and livestock products","604","Peru","5312","Area harvested","01342.01","Pears","2024","2024","ha","364","A","Official figure",""
"QCL","Crops and livestock products","604","Peru","5312","Area harvested","01705","Peas, dry","2024","2024","ha","43644","A","Official figure",""
"QCL","Crops and livestock products","604","Peru","5312","Area harvested","01242","Peas, green","2024","2024","ha","37238","A","Official figure",""
"QCL","Crops and livestock products","604","Peru","5312","Area harvested","01651","Pepper (Piper spp.), raw","2024","2024","ha","128","A","Official figure",""
"QCL","Crops and livestock products","604","Peru","5312","Area harvested","01707","Pigeon peas, dry","2024","2024","ha","3197","I","Value imputed by a receiving agency",""
"QCL","Crops and livestock products","604","Peru","5312","Area harvested","01318","Pineapples","2024","2024","ha","16663","A","Official figure",""
"QCL","Crops and livestock products","604","Peru","5312","Area harvested","01313","Plantains and cooking bananas","2024","2024","ha","","M","Missing value; data cannot exist",""
"QCL","Crops and livestock products","604","Peru","5312","Area harvested","01346","Plums and sloes","2024","2024","ha","1134","A","Official figure",""
"QCL","Crops and livestock products","604","Peru","5312","Area harvested","01321","Pomelos and grapefruits","2024","2024","ha","972","A","Official figure",""
"QCL","Crops and livestock products","604","Peru","5312","Area harvested","01510","Potatoes","2024","2024","ha","337281","A","Official figure",""
"QCL","Crops and livestock products","604","Peru","5312","Area harvested","01235","Pumpkins, squash and gourds","2024","2024","ha","9727","A","Official figure",""
"QCL","Crops and livestock products","604","Peru","5312","Area harvested","01342.02","Quinces","2024","2024","ha","501","A","Official figure",""
"QCL","Crops and livestock products","604","Peru","5312","Area harvested","01194","Quinoa","2024","2024","ha","63693","A","Official figure",""
"QCL","Crops and livestock products","604","Peru","5312","Area harvested","0113","Rice","2024","2024","ha","438228","A","Official figure",""
"QCL","Crops and livestock products","604","Peru","5312","Area harvested","0116","Rye","2024","2024","ha","43","I","Value imputed by a receiving agency",""
"QCL","Crops and livestock products","604","Peru","5312","Area harvested","01921.01","Seed cotton, unginned","2024","2024","ha","10756","A","Official figure",""
"QCL","Crops and livestock products","604","Peru","5312","Area harvested","01444","Sesame seed","2024","2024","ha","230","A","Official figure",""
"QCL","Crops and livestock products","604","Peru","5312","Area harvested","0114","Sorghum","2024","2024","ha","60","A","Official figure",""
"QCL","Crops and livestock products","604","Peru","5312","Area harvested","01344.01","Sour cherries","2024","2024","ha","202","A","Official figure",""
"QCL","Crops and livestock products","604","Peru","5312","Area harvested","0141","Soya beans","2024","2024","ha","1011","A","Official figure",""
"QCL","Crops and livestock products","604","Peru","5312","Area harvested","01215","Spinach","2024","2024","ha","1597","A","Official figure",""
"QCL","Crops and livestock products","604","Peru","5312","Area harvested","01354","Strawberries","2024","2024","ha","2520","A","Official figure",""
"QCL","Crops and livestock products","604","Peru","5312","Area harvested","01241.01","String beans","2024","2024","ha","8799","E","Estimated value",""
"QCL","Crops and livestock products","604","Peru","5312","Area harvested","01802","Sugar cane","2024","2024","ha","118456","A","Official figure",""
"QCL","Crops and livestock products","604","Peru","5312","Area harvested","01530","Sweet potatoes","2024","2024","ha","16290","A","Official figure",""
"QCL","Crops and livestock products","604","Peru","5312","Area harvested","01324","Tangerines, mandarins, clementines","2024","2024","ha","21257","A","Official figure",""
"QCL","Crops and livestock products","604","Peru","5312","Area harvested","01620","Tea leaves","2024","2024","ha","2047","A","Official figure",""
"QCL","Crops and livestock products","604","Peru","5312","Area harvested","01234","Tomatoes","2024","2024","ha","6039","A","Official figure",""
"QCL","Crops and livestock products","604","Peru","5312","Area harvested","01970","Unmanufactured tobacco","2024","2024","ha","291","A","Official figure",""
"QCL","Crops and livestock products","604","Peru","5312","Area harvested","01376","Walnuts, in shell","2024","2024","ha","58","A","Official figure",""
"QCL","Crops and livestock products","604","Peru","5312","Area harvested","01221","Watermelons","2024","2024","ha","5515","A","Official figure",""
"QCL","Crops and livestock products","604","Peru","5312","Area harvested","0111","Wheat","2024","2024","ha","114474","A","Official figure",""
"QCL","Crops and livestock products","604","Peru","5312","Area harvested","01591","Yautia","2024","2024","ha","85","A","Official figure",""
